{"v":"5.8.1","fr":25,"ip":0,"op":125,"w":1242,"h":2688,"nm":"新人红包弹窗-ae","ddd":0,"assets":[{"id":"image_0","w":572,"h":34,"u":"images/","p":"34___________-ae.psd","e":0},{"id":"image_1","w":272,"h":236,"u":"images/","p":"___.psd","e":0},{"id":"image_2","w":76,"h":76,"u":"images/","p":"1__.psd","e":0},{"id":"image_3","w":116,"h":116,"u":"images/","p":"2__.psd","e":0},{"id":"image_4","w":741,"h":182,"u":"images/","p":"4btn________________-ae.psd","e":0},{"id":"image_5","w":1084,"h":1363,"u":"images/","p":"___________-ae.psd","e":0},{"id":"image_6","w":1084,"h":1363,"u":"images/","p":"1_________-ae.psd","e":0},{"id":"image_7","w":923,"h":95,"u":"images/","p":"3_________-ae.psd","e":0},{"id":"image_8","w":1387,"h":1080,"u":"images/","p":"___________.psd","e":0},{"id":"image_9","w":825,"h":733,"u":"images/","p":"__.png","e":0},{"id":"image_10","w":713,"h":695,"u":"images/","p":"__________.psd","e":0},{"id":"image_11","w":1140,"h":1093,"u":"images/","p":"___________0.psd","e":0},{"id":"image_12","w":1058,"h":1062,"u":"images/","p":"_________.psd","e":0},{"id":"comp_0","nm":"手引导动效","fr":25,"layers":[{"ddd":0,"ind":1,"ty":0,"nm":"手","refId":"comp_1","sr":1,"ks":{"o":{"a":1,"k":[{"i":{"x":[0.833],"y":[0.833]},"o":{"x":[0.167],"y":[0.167]},"t":0,"s":[0]},{"t":5,"s":[100]}],"ix":11},"r":{"a":0,"k":0,"ix":10},"p":{"a":0,"k":[985,1831,0],"ix":2,"l":2},"a":{"a":0,"k":[136,118,0],"ix":1,"l":2},"s":{"a":1,"k":[{"i":{"x":[0.25,0.25,0.25],"y":[1,1,1]},"o":{"x":[0.33,0.33,0.33],"y":[0,0,0]},"t":0,"s":[0,0,100]},{"i":{"x":[0.25,0.25,0.25],"y":[1,1,1]},"o":{"x":[0.33,0.33,0.33],"y":[0,0,0]},"t":8,"s":[110,110,100]},{"i":{"x":[0.25,0.25,0.25],"y":[1,1,1]},"o":{"x":[0.33,0.33,0.33],"y":[0,0,0]},"t":12,"s":[90,90,100]},{"t":15,"s":[100,100,100]}],"ix":6,"l":2}},"ao":0,"tm":{"a":1,"k":[{"i":{"x":[0.833],"y":[0.833]},"o":{"x":[0.167],"y":[0.167]},"t":22,"s":[0]},{"t":273,"s":[10.04]}],"ix":2},"w":272,"h":236,"ip":0,"op":125,"st":0,"bm":0},{"ddd":0,"ind":2,"ty":2,"nm":"1","refId":"image_2","sr":1,"ks":{"o":{"a":0,"k":100,"ix":11},"r":{"a":0,"k":0,"ix":10},"p":{"a":0,"k":[862,1750,0],"ix":2,"l":2},"a":{"a":0,"k":[38,38,0],"ix":1,"l":2},"s":{"a":1,"k":[{"i":{"x":[0.682,0.682,0.682],"y":[0.772,0.772,1]},"o":{"x":[0.295,0.295,0.295],"y":[0,0,0]},"t":21,"s":[0,0,100]},{"i":{"x":[0.25,0.25,0.25],"y":[1,1,1]},"o":{"x":[0.431,0.431,0.431],"y":[-2.831,-2.831,0]},"t":27.546,"s":[110,110,100]},{"t":33,"s":[100,100,100]}],"ix":6,"l":2,"x":"var $bm_rt;\n$bm_rt = loopOut('Cycle');"}},"ao":0,"ip":1,"op":126,"st":1,"bm":0},{"ddd":0,"ind":3,"ty":2,"nm":"2","refId":"image_3","sr":1,"ks":{"o":{"a":1,"k":[{"i":{"x":[0.833],"y":[0.833]},"o":{"x":[0.167],"y":[0.167]},"t":40,"s":[100]},{"t":47,"s":[0]}],"ix":11,"x":"var $bm_rt;\n$bm_rt = loopOut('Cycle');"},"r":{"a":0,"k":0,"ix":10},"p":{"a":0,"k":[862,1750,0],"ix":2,"l":2},"a":{"a":0,"k":[58,58,0],"ix":1,"l":2},"s":{"a":1,"k":[{"i":{"x":[0.25,0.25,0.25],"y":[1,1,1]},"o":{"x":[0.33,0.33,0.33],"y":[0,0,0]},"t":30,"s":[0,0,100]},{"t":47,"s":[100,100,100]}],"ix":6,"l":2,"x":"var $bm_rt;\n$bm_rt = loopOut('Cycle');"}},"ao":0,"ip":1,"op":126,"st":1,"bm":0}]},{"id":"comp_1","nm":"手","fr":25,"layers":[{"ddd":0,"ind":1,"ty":2,"nm":"手/手.psd","cl":"psd","refId":"image_1","sr":1,"ks":{"o":{"a":0,"k":100,"ix":11},"r":{"a":0,"k":0,"ix":10},"p":{"a":0,"k":[136,118,0],"ix":2,"l":2},"a":{"a":0,"k":[136,118,0],"ix":1,"l":2},"s":{"a":1,"k":[{"i":{"x":[0.833,0.833,0.833],"y":[1,1,1]},"o":{"x":[0.33,0.33,0.33],"y":[0,0,0]},"t":0,"s":[100,100,100]},{"i":{"x":[0.25,0.25,0.25],"y":[1,1,1]},"o":{"x":[0.167,0.167,0.167],"y":[0,0,0]},"t":7,"s":[90,90,100]},{"t":14,"s":[100,100,100]}],"ix":6,"l":2,"x":"var $bm_rt;\n$bm_rt = loopOut('Cycle');"}},"ao":0,"ip":0,"op":251,"st":0,"bm":0}]},{"id":"comp_2","nm":"背景光","fr":25,"layers":[{"ddd":0,"ind":1,"ty":2,"nm":"发散.png","cl":"png","refId":"image_9","sr":1,"ks":{"o":{"a":0,"k":100,"ix":11},"r":{"a":0,"k":0,"ix":10},"p":{"a":0,"k":[616,1006,0],"ix":2,"l":2},"a":{"a":0,"k":[412.5,366.5,0],"ix":1,"l":2},"s":{"a":1,"k":[{"i":{"x":[0.902,0.902,0.833],"y":[0.945,0.945,1]},"o":{"x":[0.309,0.309,0.33],"y":[0.574,0.574,0]},"t":0,"s":[0,0,100]},{"i":{"x":[0.472,0.472,0.25],"y":[0.937,0.937,1]},"o":{"x":[0.046,0.046,0.167],"y":[0.406,0.406,0]},"t":8,"s":[90,90,100]},{"i":{"x":[0.833,0.833,0.833],"y":[1,1,1]},"o":{"x":[0.167,0.167,0.167],"y":[0,0,0]},"t":50,"s":[120,120,100]},{"t":55,"s":[350,350,100]}],"ix":6,"l":2}},"ao":0,"ip":0,"op":331,"st":0,"bm":0},{"ddd":0,"ind":2,"ty":2,"nm":"内光圈","refId":"image_10","sr":1,"ks":{"o":{"a":1,"k":[{"i":{"x":[0.833],"y":[0.833]},"o":{"x":[0.167],"y":[0.167]},"t":50,"s":[100]},{"t":55,"s":[0]}],"ix":11},"r":{"a":0,"k":0,"ix":10},"p":{"a":0,"k":[621.5,939.5,0],"ix":2,"l":2},"a":{"a":0,"k":[356.5,347.5,0],"ix":1,"l":2},"s":{"a":1,"k":[{"i":{"x":[0.667,0.667,0.667],"y":[1,1,1]},"o":{"x":[0.062,0.062,0.333],"y":[0.165,0.165,0]},"t":5,"s":[0,0,100]},{"i":{"x":[0.667,0.667,0.667],"y":[1,1,1]},"o":{"x":[0.333,0.333,0.333],"y":[0,0,0]},"t":9,"s":[120,120,100]},{"i":{"x":[0.687,0.687,0.667],"y":[0.915,0.915,1]},"o":{"x":[0.333,0.333,0.333],"y":[0,0,0]},"t":13,"s":[90,90,100]},{"i":{"x":[0.833,0.833,0.833],"y":[1,1,1]},"o":{"x":[0.074,0.074,0.167],"y":[0.105,0.105,0]},"t":16,"s":[100,100,100]},{"i":{"x":[0.833,0.833,0.833],"y":[1,1,1]},"o":{"x":[0.167,0.167,0.167],"y":[0,0,0]},"t":50,"s":[110,110,100]},{"t":55,"s":[321,321,100]}],"ix":6,"l":2}},"ao":0,"ip":5,"op":724.166666666667,"st":5,"bm":0},{"ddd":0,"ind":3,"ty":2,"nm":"中光圈","refId":"image_11","sr":1,"ks":{"o":{"a":1,"k":[{"i":{"x":[0.833],"y":[0.833]},"o":{"x":[0.167],"y":[0.167]},"t":50,"s":[100]},{"t":55,"s":[0]}],"ix":11},"r":{"a":0,"k":0,"ix":10},"p":{"a":0,"k":[622,897.5,0],"ix":2,"l":2},"a":{"a":0,"k":[570,546.5,0],"ix":1,"l":2},"s":{"a":1,"k":[{"i":{"x":[0.667,0.667,0.667],"y":[1,1,1]},"o":{"x":[0.062,0.062,0.333],"y":[0.111,0.111,0]},"t":2.5,"s":[0,0,100]},{"i":{"x":[0.667,0.667,0.667],"y":[1,1,1]},"o":{"x":[0.333,0.333,0.333],"y":[0,0,0]},"t":6.5,"s":[120,120,100]},{"i":{"x":[0.667,0.667,0.667],"y":[0.889,0.889,1]},"o":{"x":[0.333,0.333,0.333],"y":[0,0,0]},"t":10.5,"s":[90,90,100]},{"i":{"x":[0.833,0.833,0.833],"y":[1,1,1]},"o":{"x":[0.03,0.03,0.167],"y":[0.087,0.087,0]},"t":13.5,"s":[100,100,100]},{"i":{"x":[0.833,0.833,0.833],"y":[1,1,1]},"o":{"x":[0.167,0.167,0.167],"y":[0,0,0]},"t":50,"s":[110,110,100]},{"t":55,"s":[300,300,100]}],"ix":6,"l":2}},"ao":0,"ip":2.5,"op":721.666666666667,"st":2.5,"bm":0},{"ddd":0,"ind":4,"ty":2,"nm":"外光 2","refId":"image_12","sr":1,"ks":{"o":{"a":1,"k":[{"i":{"x":[0.833],"y":[0.833]},"o":{"x":[0.167],"y":[0.167]},"t":50,"s":[100]},{"t":55,"s":[0]}],"ix":11},"r":{"a":0,"k":0,"ix":10},"p":{"a":0,"k":[622,920,0],"ix":2,"l":2},"a":{"a":0,"k":[529,531,0],"ix":1,"l":2},"s":{"a":1,"k":[{"i":{"x":[0.667,0.667,0.667],"y":[1,1,1]},"o":{"x":[0.062,0.062,0.333],"y":[0.252,0.252,0]},"t":0,"s":[0,0,100]},{"i":{"x":[0.667,0.667,0.667],"y":[1,1,1]},"o":{"x":[0.333,0.333,0.333],"y":[0,0,0]},"t":4,"s":[120,120,100]},{"i":{"x":[0.664,0.664,0.667],"y":[0.933,0.933,1]},"o":{"x":[0.333,0.333,0.333],"y":[0,0,0]},"t":8,"s":[90,90,100]},{"i":{"x":[0.833,0.833,0.833],"y":[1,1,1]},"o":{"x":[0.024,0.024,0.167],"y":[0.06,0.06,0]},"t":11,"s":[100,100,100]},{"i":{"x":[0.833,0.833,0.833],"y":[1,1,1]},"o":{"x":[0.167,0.167,0.167],"y":[0,0,0]},"t":50,"s":[110,110,100]},{"t":55,"s":[300,300,100]}],"ix":6,"l":2}},"ao":0,"ip":0,"op":719.166666666667,"st":0,"bm":0},{"ddd":0,"ind":5,"ty":2,"nm":"外光","refId":"image_12","sr":1,"ks":{"o":{"a":1,"k":[{"i":{"x":[0.833],"y":[0.833]},"o":{"x":[0.167],"y":[0.167]},"t":5,"s":[100]},{"t":8.3330078125,"s":[0]}],"ix":11},"r":{"a":0,"k":0,"ix":10},"p":{"a":0,"k":[622,920,0],"ix":2,"l":2},"a":{"a":0,"k":[529,531,0],"ix":1,"l":2},"s":{"a":1,"k":[{"i":{"x":[0.667,0.667,0.667],"y":[1,1,1]},"o":{"x":[0.333,0.333,0.333],"y":[0,0,0]},"t":0,"s":[0,0,100]},{"t":8.3330078125,"s":[436,436,100]}],"ix":6,"l":2}},"ao":0,"ip":0,"op":719.166666666667,"st":0,"bm":0}]}],"layers":[{"ddd":0,"ind":2,"ty":2,"nm":"34成功打款","refId":"image_0","sr":1,"ks":{"o":{"a":1,"k":[{"i":{"x":[0.833],"y":[0.833]},"o":{"x":[0.167],"y":[0.167]},"t":55,"s":[0]},{"t":56.75,"s":[100]}],"ix":11},"r":{"a":0,"k":0,"ix":10},"p":{"a":0,"k":[620,1124,0],"ix":2,"l":2},"a":{"a":0,"k":[286,17,0],"ix":1,"l":2},"s":{"a":1,"k":[{"i":{"x":[0.833,0.833,0.833],"y":[0.833,0.833,0.833]},"o":{"x":[0.167,0.167,0.167],"y":[0.167,0.167,0.167]},"t":55,"s":[0,0,100]},{"t":60,"s":[105,105,100]}],"ix":6,"l":2}},"ao":0,"ip":0,"op":125,"st":0,"bm":0},{"ddd":0,"ind":3,"ty":0,"nm":"手引导动效","refId":"comp_0","sr":1,"ks":{"o":{"a":1,"k":[{"i":{"x":[0.833],"y":[0.833]},"o":{"x":[0.167],"y":[0.167]},"t":52,"s":[0]},{"t":54,"s":[100]}],"ix":11},"r":{"a":0,"k":0,"ix":10},"p":{"a":0,"k":[640.5,1315.5,0],"ix":2,"l":2},"a":{"a":0,"k":[621,1344,0],"ix":1,"l":2},"s":{"a":0,"k":[110,110,100],"ix":6,"l":2}},"ao":0,"w":1242,"h":2688,"ip":50,"op":292,"st":41,"bm":0},{"ddd":0,"ind":5,"ty":2,"nm":"4btn绑定微信，立即到账","refId":"image_4","sr":1,"ks":{"o":{"a":1,"k":[{"i":{"x":[0.833],"y":[0.833]},"o":{"x":[0.167],"y":[0.167]},"t":55,"s":[0]},{"t":56.75,"s":[100]}],"ix":11},"r":{"a":0,"k":0,"ix":10},"p":{"a":0,"k":[620.5,1727,0],"ix":2,"l":2},"a":{"a":0,"k":[370.5,91,0],"ix":1,"l":2},"s":{"a":1,"k":[{"i":{"x":[0.833,0.833,0.833],"y":[0.833,0.833,0.833]},"o":{"x":[0.167,0.167,0.167],"y":[0.167,0.167,0.167]},"t":55,"s":[0,0,100]},{"i":{"x":[0.833,0.833,0.833],"y":[0.833,0.833,0.833]},"o":{"x":[0.167,0.167,0.167],"y":[0.167,0.167,0.167]},"t":59.75,"s":[100,100,100]},{"i":{"x":[0.833,0.833,0.833],"y":[0.833,0.833,0.833]},"o":{"x":[0.167,0.167,0.167],"y":[0.167,0.167,0.167]},"t":79.749,"s":[104,104,100]},{"i":{"x":[0.833,0.833,0.833],"y":[0.833,0.833,0.833]},"o":{"x":[0.167,0.167,0.167],"y":[0.167,0.167,0.167]},"t":99.749,"s":[100,100,100]},{"t":121.7490234375,"s":[104,104,100]}],"ix":6,"l":2}},"ao":0,"ip":0,"op":125,"st":0,"bm":0},{"ddd":0,"ind":7,"ty":2,"nm":"现金弹窗 2","refId":"image_5","sr":1,"ks":{"o":{"a":1,"k":[{"i":{"x":[0.833],"y":[0.833]},"o":{"x":[0.167],"y":[0.167]},"t":50,"s":[0]},{"t":51,"s":[100]}],"ix":11},"r":{"a":0,"k":0,"ix":10},"p":{"a":0,"k":[623,1328.5,0],"ix":2,"l":2},"a":{"a":0,"k":[542,681.5,0],"ix":1,"l":2},"s":{"a":1,"k":[{"i":{"x":[0.833,0.833,0.833],"y":[0.833,0.833,0.833]},"o":{"x":[0.167,0.167,0.167],"y":[0.167,0.167,0.167]},"t":50,"s":[0,0,100]},{"t":59,"s":[100,100,100]}],"ix":6,"l":2}},"ao":0,"ip":0,"op":125,"st":60,"bm":0},{"ddd":0,"ind":8,"ty":2,"nm":"1红包","refId":"image_6","sr":1,"ks":{"o":{"a":1,"k":[{"i":{"x":[0.833],"y":[0.833]},"o":{"x":[0.167],"y":[0.167]},"t":50,"s":[100]},{"t":52,"s":[0]}],"ix":11},"r":{"a":0,"k":0,"ix":10},"p":{"a":0,"k":[623,1328.5,0],"ix":2,"l":2},"a":{"a":0,"k":[542,681.5,0],"ix":1,"l":2},"s":{"a":1,"k":[{"i":{"x":[0.667,0.667,0.667],"y":[1,1,1]},"o":{"x":[0.333,0.333,0.333],"y":[0,0,0]},"t":2,"s":[0,0,100]},{"i":{"x":[0.667,0.667,0.667],"y":[1,1,1]},"o":{"x":[0.333,0.333,0.333],"y":[0,0,0]},"t":6,"s":[90,90,100]},{"i":{"x":[0.833,0.833,0.833],"y":[1,1,1]},"o":{"x":[0.333,0.333,0.333],"y":[0,0,0]},"t":10,"s":[80,80,100]},{"i":{"x":[0.667,0.667,0.667],"y":[1,1,1]},"o":{"x":[0.167,0.167,0.167],"y":[0,0,0]},"t":19,"s":[78,78,100]},{"i":{"x":[0.833,0.833,0.833],"y":[1,1,1]},"o":{"x":[0.167,0.167,0.167],"y":[0,0,0]},"t":48,"s":[90,90,100]},{"t":51,"s":[0,0,100]}],"ix":6,"l":2}},"ao":0,"ip":0,"op":60,"st":0,"bm":0},{"ddd":0,"ind":9,"ty":2,"nm":"3标题","refId":"image_7","sr":1,"ks":{"o":{"a":1,"k":[{"i":{"x":[0.833],"y":[0.833]},"o":{"x":[0.167],"y":[0.167]},"t":50,"s":[0]},{"t":51,"s":[100]}],"ix":11},"r":{"a":0,"k":0,"ix":10},"p":{"a":0,"k":[622,521,0],"ix":2,"l":2},"a":{"a":0,"k":[461.5,47.5,0],"ix":1,"l":2},"s":{"a":1,"k":[{"i":{"x":[0.833,0.833,0.833],"y":[0.833,0.833,0.833]},"o":{"x":[0.167,0.167,0.167],"y":[0.167,0.167,0.167]},"t":50,"s":[0,0,100]},{"i":{"x":[0.833,0.833,0.833],"y":[0.833,0.833,0.833]},"o":{"x":[0.167,0.167,0.167],"y":[0.167,0.167,0.167]},"t":59,"s":[100,100,100]},{"t":63,"s":[105,105,100]}],"ix":6,"l":2}},"ao":0,"ip":0,"op":125,"st":0,"bm":0},{"ddd":0,"ind":10,"ty":2,"nm":"氛围粒子","refId":"image_8","sr":1,"ks":{"o":{"a":1,"k":[{"i":{"x":[0.833],"y":[0.833]},"o":{"x":[0.167],"y":[0.167]},"t":3,"s":[54.118]},{"t":8,"s":[0]}],"ix":11},"r":{"a":0,"k":0,"ix":10},"p":{"a":0,"k":[585.5,1306,0],"ix":2,"l":2},"a":{"a":0,"k":[693.5,540,0],"ix":1,"l":2},"s":{"a":1,"k":[{"i":{"x":[0.25,0.25,0.25],"y":[1,1,1]},"o":{"x":[0.33,0.33,0.33],"y":[0,0,0]},"t":0,"s":[0,0,100]},{"t":8.3330078125,"s":[810,810,100]}],"ix":6,"l":2}},"ao":0,"ip":0,"op":496.666666666667,"st":0,"bm":0},{"ddd":0,"ind":11,"ty":0,"nm":"背景光","refId":"comp_2","sr":1,"ks":{"o":{"a":0,"k":100,"ix":11},"r":{"a":0,"k":0,"ix":10},"p":{"a":0,"k":[631,1284,0],"ix":2,"l":2},"a":{"a":0,"k":[631,912,0],"ix":1,"l":2},"s":{"a":0,"k":[100,100,100],"ix":6,"l":2}},"ao":0,"w":1242,"h":2688,"ip":0,"op":330,"st":0,"bm":0}],"markers":[]}